timestamp,sensor_id,value,unit
2025-06-07T01:44:13.841818,network,0,INFO: Po씿czono z 127.0.0.1:9000
2025-06-07T01:44:13.841855,PressureSensor,1049.0852184578732,hPa
2025-06-07T01:44:13.841921,network,0,"INFO: Wys쓰no dane: {'sensor_id': 'PressureSensor', 'timestamp': '2025-06-07T01:44:13.841855', 'value': 1049.0852184578732, 'unit': 'hPa'}"
2025-06-07T01:44:13.842837,network,0,INFO: Odebrano potwierdzenie: ACK
2025-06-07T01:44:13.842844,HumiditySensor,38.8689943674376,%
2025-06-07T01:44:13.842884,network,0,"INFO: Wys쓰no dane: {'sensor_id': 'HumiditySensor', 'timestamp': '2025-06-07T01:44:13.842844', 'value': 38.8689943674376, 'unit': '%'}"
2025-06-07T01:44:13.843008,network,0,INFO: Odebrano potwierdzenie: ACK
2025-06-07T01:44:13.843017,AirQualitySensor,21.756233474763132,AQI
2025-06-07T01:44:13.843062,network,0,"INFO: Wys쓰no dane: {'sensor_id': 'AirQualitySensor', 'timestamp': '2025-06-07T01:44:13.843017', 'value': 21.756233474763132, 'unit': 'AQI'}"
2025-06-07T01:44:13.843165,network,0,INFO: Odebrano potwierdzenie: ACK
2025-06-07T01:44:13.843173,TemperatureSensor,-18.6,C
2025-06-07T01:44:13.843226,network,0,"INFO: Wys쓰no dane: {'sensor_id': 'TemperatureSensor', 'timestamp': '2025-06-07T01:44:13.843173', 'value': -18.6, 'unit': 'C'}"
2025-06-07T01:44:13.843367,network,0,INFO: Odebrano potwierdzenie: ACK
2025-06-07T01:44:14.843482,PressureSensor,1025.8425805186998,hPa
2025-06-07T01:44:14.843623,network,0,"INFO: Wys쓰no dane: {'sensor_id': 'PressureSensor', 'timestamp': '2025-06-07T01:44:14.843482', 'value': 1025.8425805186998, 'unit': 'hPa'}"
2025-06-07T01:44:14.843917,network,0,INFO: Odebrano potwierdzenie: ACK
2025-06-07T01:44:14.843926,HumiditySensor,47.25960796820565,%
2025-06-07T01:44:14.843983,network,0,"INFO: Wys쓰no dane: {'sensor_id': 'HumiditySensor', 'timestamp': '2025-06-07T01:44:14.843926', 'value': 47.25960796820565, 'unit': '%'}"
2025-06-07T01:44:14.844130,network,0,INFO: Odebrano potwierdzenie: ACK
2025-06-07T01:44:14.844137,AirQualitySensor,441.16727552310647,AQI
2025-06-07T01:44:14.844173,network,0,"INFO: Wys쓰no dane: {'sensor_id': 'AirQualitySensor', 'timestamp': '2025-06-07T01:44:14.844137', 'value': 441.16727552310647, 'unit': 'AQI'}"
2025-06-07T01:44:14.844281,network,0,INFO: Odebrano potwierdzenie: ACK
2025-06-07T01:44:14.844286,TemperatureSensor,-18.49,C
2025-06-07T01:44:14.844339,network,0,"INFO: Wys쓰no dane: {'sensor_id': 'TemperatureSensor', 'timestamp': '2025-06-07T01:44:14.844286', 'value': -18.49, 'unit': 'C'}"
2025-06-07T01:44:14.844490,network,0,INFO: Odebrano potwierdzenie: ACK
2025-06-07T01:44:15.844711,PressureSensor,1026.602556094654,hPa
2025-06-07T01:44:15.844846,network,0,"INFO: Wys쓰no dane: {'sensor_id': 'PressureSensor', 'timestamp': '2025-06-07T01:44:15.844711', 'value': 1026.602556094654, 'unit': 'hPa'}"
2025-06-07T01:44:15.845088,network,0,INFO: Odebrano potwierdzenie: ACK
2025-06-07T01:44:15.845100,HumiditySensor,21.435867418780386,%
2025-06-07T01:44:15.845172,network,0,"INFO: Wys쓰no dane: {'sensor_id': 'HumiditySensor', 'timestamp': '2025-06-07T01:44:15.845100', 'value': 21.435867418780386, 'unit': '%'}"
2025-06-07T01:44:15.845336,network,0,INFO: Odebrano potwierdzenie: ACK
2025-06-07T01:44:15.845347,AirQualitySensor,337.5062190719748,AQI
2025-06-07T01:44:15.845414,network,0,"INFO: Wys쓰no dane: {'sensor_id': 'AirQualitySensor', 'timestamp': '2025-06-07T01:44:15.845347', 'value': 337.5062190719748, 'unit': 'AQI'}"
2025-06-07T01:44:15.845563,network,0,INFO: Odebrano potwierdzenie: ACK
2025-06-07T01:44:15.845570,TemperatureSensor,-18.06,C
2025-06-07T01:44:15.845646,network,0,"INFO: Wys쓰no dane: {'sensor_id': 'TemperatureSensor', 'timestamp': '2025-06-07T01:44:15.845570', 'value': -18.06, 'unit': 'C'}"
2025-06-07T01:44:15.845794,network,0,INFO: Odebrano potwierdzenie: ACK
2025-06-07T01:44:16.845992,PressureSensor,966.4712821300062,hPa
2025-06-07T01:44:16.846139,network,0,"INFO: Wys쓰no dane: {'sensor_id': 'PressureSensor', 'timestamp': '2025-06-07T01:44:16.845992', 'value': 966.4712821300062, 'unit': 'hPa'}"
2025-06-07T01:44:16.846403,network,0,INFO: Odebrano potwierdzenie: ACK
2025-06-07T01:44:16.846414,HumiditySensor,24.280128163585722,%
2025-06-07T01:44:16.846482,network,0,"INFO: Wys쓰no dane: {'sensor_id': 'HumiditySensor', 'timestamp': '2025-06-07T01:44:16.846414', 'value': 24.280128163585722, 'unit': '%'}"
2025-06-07T01:44:16.846658,network,0,INFO: Odebrano potwierdzenie: ACK
2025-06-07T01:44:16.846676,AirQualitySensor,159.46478358587228,AQI
2025-06-07T01:44:16.846736,network,0,"INFO: Wys쓰no dane: {'sensor_id': 'AirQualitySensor', 'timestamp': '2025-06-07T01:44:16.846676', 'value': 159.46478358587228, 'unit': 'AQI'}"
2025-06-07T01:44:16.846908,network,0,INFO: Odebrano potwierdzenie: ACK
2025-06-07T01:44:16.846918,TemperatureSensor,-18.84,C
2025-06-07T01:44:16.846994,network,0,"INFO: Wys쓰no dane: {'sensor_id': 'TemperatureSensor', 'timestamp': '2025-06-07T01:44:16.846918', 'value': -18.84, 'unit': 'C'}"
2025-06-07T01:44:16.847612,network,0,INFO: Odebrano potwierdzenie: ACK
2025-06-07T01:44:17.847820,PressureSensor,1016.3733210287994,hPa
2025-06-07T01:44:17.848027,network,0,"INFO: Wys쓰no dane: {'sensor_id': 'PressureSensor', 'timestamp': '2025-06-07T01:44:17.847820', 'value': 1016.3733210287994, 'unit': 'hPa'}"
2025-06-07T01:44:17.848341,network,0,INFO: Odebrano potwierdzenie: ACK
2025-06-07T01:44:17.848353,HumiditySensor,19.160917122035105,%
2025-06-07T01:44:17.848424,network,0,"INFO: Wys쓰no dane: {'sensor_id': 'HumiditySensor', 'timestamp': '2025-06-07T01:44:17.848353', 'value': 19.160917122035105, 'unit': '%'}"
2025-06-07T01:44:17.848591,network,0,INFO: Odebrano potwierdzenie: ACK
2025-06-07T01:44:17.848603,AirQualitySensor,258.6617186957464,AQI
2025-06-07T01:44:17.848669,network,0,"INFO: Wys쓰no dane: {'sensor_id': 'AirQualitySensor', 'timestamp': '2025-06-07T01:44:17.848603', 'value': 258.6617186957464, 'unit': 'AQI'}"
2025-06-07T01:44:17.848833,network,0,INFO: Odebrano potwierdzenie: ACK
2025-06-07T01:44:17.848851,TemperatureSensor,-18.39,C
2025-06-07T01:44:17.848914,network,0,"INFO: Wys쓰no dane: {'sensor_id': 'TemperatureSensor', 'timestamp': '2025-06-07T01:44:17.848851', 'value': -18.39, 'unit': 'C'}"
2025-06-07T01:44:17.849066,network,0,INFO: Odebrano potwierdzenie: ACK
2025-06-07T01:44:18.849547,PressureSensor,1002.3032645586025,hPa
2025-06-07T01:44:18.849680,network,0,"INFO: Wys쓰no dane: {'sensor_id': 'PressureSensor', 'timestamp': '2025-06-07T01:44:18.849547', 'value': 1002.3032645586025, 'unit': 'hPa'}"
2025-06-07T01:44:18.849939,network,0,INFO: Odebrano potwierdzenie: ACK
2025-06-07T01:44:18.849959,HumiditySensor,17.273843647293894,%
2025-06-07T01:44:18.850030,network,0,"INFO: Wys쓰no dane: {'sensor_id': 'HumiditySensor', 'timestamp': '2025-06-07T01:44:18.849959', 'value': 17.273843647293894, 'unit': '%'}"
2025-06-07T01:44:18.850215,network,0,INFO: Odebrano potwierdzenie: ACK
2025-06-07T01:44:18.850233,AirQualitySensor,476.69878903306403,AQI
2025-06-07T01:44:18.850293,network,0,"INFO: Wys쓰no dane: {'sensor_id': 'AirQualitySensor', 'timestamp': '2025-06-07T01:44:18.850233', 'value': 476.69878903306403, 'unit': 'AQI'}"
2025-06-07T01:44:18.850466,network,0,INFO: Odebrano potwierdzenie: ACK
2025-06-07T01:44:18.850483,TemperatureSensor,-18.68,C
2025-06-07T01:44:18.850551,network,0,"INFO: Wys쓰no dane: {'sensor_id': 'TemperatureSensor', 'timestamp': '2025-06-07T01:44:18.850483', 'value': -18.68, 'unit': 'C'}"
2025-06-07T01:44:18.850723,network,0,INFO: Odebrano potwierdzenie: ACK
2025-06-07T01:44:19.851237,PressureSensor,994.037242730909,hPa
2025-06-07T01:44:19.851397,network,0,"INFO: Wys쓰no dane: {'sensor_id': 'PressureSensor', 'timestamp': '2025-06-07T01:44:19.851237', 'value': 994.037242730909, 'unit': 'hPa'}"
2025-06-07T01:44:19.851670,network,0,INFO: Odebrano potwierdzenie: ACK
2025-06-07T01:44:19.851689,HumiditySensor,0.5625685699207628,%
2025-06-07T01:44:19.851758,network,0,"INFO: Wys쓰no dane: {'sensor_id': 'HumiditySensor', 'timestamp': '2025-06-07T01:44:19.851689', 'value': 0.5625685699207628, 'unit': '%'}"
2025-06-07T01:44:19.851928,network,0,INFO: Odebrano potwierdzenie: ACK
2025-06-07T01:44:19.851939,AirQualitySensor,221.85968460922496,AQI
2025-06-07T01:44:19.852012,network,0,"INFO: Wys쓰no dane: {'sensor_id': 'AirQualitySensor', 'timestamp': '2025-06-07T01:44:19.851939', 'value': 221.85968460922496, 'unit': 'AQI'}"
2025-06-07T01:44:19.852169,network,0,INFO: Odebrano potwierdzenie: ACK
2025-06-07T01:44:19.852187,TemperatureSensor,-18.0,C
2025-06-07T01:44:19.852257,network,0,"INFO: Wys쓰no dane: {'sensor_id': 'TemperatureSensor', 'timestamp': '2025-06-07T01:44:19.852187', 'value': -18.0, 'unit': 'C'}"
2025-06-07T01:44:19.852420,network,0,INFO: Odebrano potwierdzenie: ACK
2025-06-07T01:44:20.852552,PressureSensor,1029.5695695654167,hPa
2025-06-07T01:44:20.852689,network,0,"INFO: Wys쓰no dane: {'sensor_id': 'PressureSensor', 'timestamp': '2025-06-07T01:44:20.852552', 'value': 1029.5695695654167, 'unit': 'hPa'}"
2025-06-07T01:44:20.852936,network,0,INFO: Odebrano potwierdzenie: ACK
2025-06-07T01:44:20.852955,HumiditySensor,96.33636549928939,%
2025-06-07T01:44:20.853024,network,0,"INFO: Wys쓰no dane: {'sensor_id': 'HumiditySensor', 'timestamp': '2025-06-07T01:44:20.852955', 'value': 96.33636549928939, 'unit': '%'}"
2025-06-07T01:44:20.853202,network,0,INFO: Odebrano potwierdzenie: ACK
2025-06-07T01:44:20.853221,AirQualitySensor,254.72444569537555,AQI
2025-06-07T01:44:20.853283,network,0,"INFO: Wys쓰no dane: {'sensor_id': 'AirQualitySensor', 'timestamp': '2025-06-07T01:44:20.853221', 'value': 254.72444569537555, 'unit': 'AQI'}"
2025-06-07T01:44:20.853463,network,0,INFO: Odebrano potwierdzenie: ACK
2025-06-07T01:44:20.853479,TemperatureSensor,-19.39,C
2025-06-07T01:44:20.853550,network,0,"INFO: Wys쓰no dane: {'sensor_id': 'TemperatureSensor', 'timestamp': '2025-06-07T01:44:20.853479', 'value': -19.39, 'unit': 'C'}"
2025-06-07T01:44:20.853860,network,0,INFO: Odebrano potwierdzenie: ACK
2025-06-07T01:44:21.854718,PressureSensor,976.5266094211527,hPa
2025-06-07T01:44:21.854905,network,0,"INFO: Wys쓰no dane: {'sensor_id': 'PressureSensor', 'timestamp': '2025-06-07T01:44:21.854718', 'value': 976.5266094211527, 'unit': 'hPa'}"
2025-06-07T01:44:21.855142,network,0,INFO: Odebrano potwierdzenie: ACK
2025-06-07T01:44:21.855153,HumiditySensor,63.42389127341702,%
2025-06-07T01:44:21.855221,network,0,"INFO: Wys쓰no dane: {'sensor_id': 'HumiditySensor', 'timestamp': '2025-06-07T01:44:21.855153', 'value': 63.42389127341702, 'unit': '%'}"
2025-06-07T01:44:21.855412,network,0,INFO: Odebrano potwierdzenie: ACK
2025-06-07T01:44:21.855426,AirQualitySensor,182.17165355854053,AQI
2025-06-07T01:44:21.855493,network,0,"INFO: Wys쓰no dane: {'sensor_id': 'AirQualitySensor', 'timestamp': '2025-06-07T01:44:21.855426', 'value': 182.17165355854053, 'unit': 'AQI'}"
2025-06-07T01:44:21.855677,network,0,INFO: Odebrano potwierdzenie: ACK
2025-06-07T01:44:21.855691,TemperatureSensor,-18.89,C
2025-06-07T01:44:21.855783,network,0,"INFO: Wys쓰no dane: {'sensor_id': 'TemperatureSensor', 'timestamp': '2025-06-07T01:44:21.855691', 'value': -18.89, 'unit': 'C'}"
2025-06-07T01:44:21.855956,network,0,INFO: Odebrano potwierdzenie: ACK
2025-06-07T01:44:22.856359,PressureSensor,961.231977772998,hPa
2025-06-07T01:44:22.856507,network,0,"INFO: Wys쓰no dane: {'sensor_id': 'PressureSensor', 'timestamp': '2025-06-07T01:44:22.856359', 'value': 961.231977772998, 'unit': 'hPa'}"
2025-06-07T01:44:22.856768,network,0,INFO: Odebrano potwierdzenie: ACK
2025-06-07T01:44:22.856777,HumiditySensor,88.78039822698159,%
2025-06-07T01:44:22.856843,network,0,"INFO: Wys쓰no dane: {'sensor_id': 'HumiditySensor', 'timestamp': '2025-06-07T01:44:22.856777', 'value': 88.78039822698159, 'unit': '%'}"
2025-06-07T01:44:22.857033,network,0,INFO: Odebrano potwierdzenie: ACK
2025-06-07T01:44:22.857042,AirQualitySensor,402.5342900237116,AQI
2025-06-07T01:44:22.857106,network,0,"INFO: Wys쓰no dane: {'sensor_id': 'AirQualitySensor', 'timestamp': '2025-06-07T01:44:22.857042', 'value': 402.5342900237116, 'unit': 'AQI'}"
2025-06-07T01:44:22.857284,network,0,INFO: Odebrano potwierdzenie: ACK
2025-06-07T01:44:22.857292,TemperatureSensor,-19.42,C
2025-06-07T01:44:22.857368,network,0,"INFO: Wys쓰no dane: {'sensor_id': 'TemperatureSensor', 'timestamp': '2025-06-07T01:44:22.857292', 'value': -19.42, 'unit': 'C'}"
2025-06-07T01:44:22.857561,network,0,INFO: Odebrano potwierdzenie: ACK
2025-06-07T01:44:23.857940,PressureSensor,960.9776772202775,hPa
2025-06-07T01:44:23.858092,network,0,"INFO: Wys쓰no dane: {'sensor_id': 'PressureSensor', 'timestamp': '2025-06-07T01:44:23.857940', 'value': 960.9776772202775, 'unit': 'hPa'}"
2025-06-07T01:44:23.858327,network,0,INFO: Odebrano potwierdzenie: ACK
2025-06-07T01:44:23.858337,HumiditySensor,85.34758670956727,%
2025-06-07T01:44:23.858404,network,0,"INFO: Wys쓰no dane: {'sensor_id': 'HumiditySensor', 'timestamp': '2025-06-07T01:44:23.858337', 'value': 85.34758670956727, 'unit': '%'}"
2025-06-07T01:44:23.858551,network,0,INFO: Odebrano potwierdzenie: ACK
2025-06-07T01:44:23.858558,AirQualitySensor,285.88695591741714,AQI
2025-06-07T01:44:23.858607,network,0,"INFO: Wys쓰no dane: {'sensor_id': 'AirQualitySensor', 'timestamp': '2025-06-07T01:44:23.858558', 'value': 285.88695591741714, 'unit': 'AQI'}"
2025-06-07T01:44:23.858759,network,0,INFO: Odebrano potwierdzenie: ACK
2025-06-07T01:44:23.858764,TemperatureSensor,-19.1,C
2025-06-07T01:44:23.858817,network,0,"INFO: Wys쓰no dane: {'sensor_id': 'TemperatureSensor', 'timestamp': '2025-06-07T01:44:23.858764', 'value': -19.1, 'unit': 'C'}"
2025-06-07T01:44:23.859007,network,0,INFO: Odebrano potwierdzenie: ACK
2025-06-07T01:44:24.859500,PressureSensor,1013.774903987018,hPa
2025-06-07T01:44:24.859647,network,0,"INFO: Wys쓰no dane: {'sensor_id': 'PressureSensor', 'timestamp': '2025-06-07T01:44:24.859500', 'value': 1013.774903987018, 'unit': 'hPa'}"
2025-06-07T01:44:24.859905,network,0,INFO: Odebrano potwierdzenie: ACK
2025-06-07T01:44:24.859920,HumiditySensor,57.9416248819148,%
2025-06-07T01:44:24.859986,network,0,"INFO: Wys쓰no dane: {'sensor_id': 'HumiditySensor', 'timestamp': '2025-06-07T01:44:24.859920', 'value': 57.9416248819148, 'unit': '%'}"
2025-06-07T01:44:24.860161,network,0,INFO: Odebrano potwierdzenie: ACK
2025-06-07T01:44:24.860173,AirQualitySensor,369.6026356805445,AQI
2025-06-07T01:44:24.860238,network,0,"INFO: Wys쓰no dane: {'sensor_id': 'AirQualitySensor', 'timestamp': '2025-06-07T01:44:24.860173', 'value': 369.6026356805445, 'unit': 'AQI'}"
2025-06-07T01:44:24.860412,network,0,INFO: Odebrano potwierdzenie: ACK
2025-06-07T01:44:24.860430,TemperatureSensor,-18.14,C
2025-06-07T01:44:24.860498,network,0,"INFO: Wys쓰no dane: {'sensor_id': 'TemperatureSensor', 'timestamp': '2025-06-07T01:44:24.860430', 'value': -18.14, 'unit': 'C'}"
2025-06-07T01:44:24.860667,network,0,INFO: Odebrano potwierdzenie: ACK
2025-06-07T01:44:25.861142,PressureSensor,994.4895419732043,hPa
2025-06-07T01:44:25.861264,network,0,"INFO: Wys쓰no dane: {'sensor_id': 'PressureSensor', 'timestamp': '2025-06-07T01:44:25.861142', 'value': 994.4895419732043, 'unit': 'hPa'}"
2025-06-07T01:44:25.861494,network,0,INFO: Odebrano potwierdzenie: ACK
2025-06-07T01:44:25.861504,HumiditySensor,52.31704839013894,%
2025-06-07T01:44:25.861571,network,0,"INFO: Wys쓰no dane: {'sensor_id': 'HumiditySensor', 'timestamp': '2025-06-07T01:44:25.861504', 'value': 52.31704839013894, 'unit': '%'}"
2025-06-07T01:44:25.861725,network,0,INFO: Odebrano potwierdzenie: ACK
2025-06-07T01:44:25.861741,AirQualitySensor,40.21662338167137,AQI
2025-06-07T01:44:25.861799,network,0,"INFO: Wys쓰no dane: {'sensor_id': 'AirQualitySensor', 'timestamp': '2025-06-07T01:44:25.861741', 'value': 40.21662338167137, 'unit': 'AQI'}"
2025-06-07T01:44:25.861946,network,0,INFO: Odebrano potwierdzenie: ACK
2025-06-07T01:44:25.861951,TemperatureSensor,-18.66,C
2025-06-07T01:44:25.862008,network,0,"INFO: Wys쓰no dane: {'sensor_id': 'TemperatureSensor', 'timestamp': '2025-06-07T01:44:25.861951', 'value': -18.66, 'unit': 'C'}"
2025-06-07T01:44:25.862159,network,0,INFO: Odebrano potwierdzenie: ACK
2025-06-07T01:44:26.862570,PressureSensor,979.6977610816897,hPa
2025-06-07T01:44:26.862781,network,0,"INFO: Wys쓰no dane: {'sensor_id': 'PressureSensor', 'timestamp': '2025-06-07T01:44:26.862570', 'value': 979.6977610816897, 'unit': 'hPa'}"
2025-06-07T01:44:26.863105,network,0,INFO: Odebrano potwierdzenie: ACK
2025-06-07T01:44:26.863116,HumiditySensor,74.70372011271039,%
2025-06-07T01:44:26.863184,network,0,"INFO: Wys쓰no dane: {'sensor_id': 'HumiditySensor', 'timestamp': '2025-06-07T01:44:26.863116', 'value': 74.70372011271039, 'unit': '%'}"
2025-06-07T01:44:26.863358,network,0,INFO: Odebrano potwierdzenie: ACK
2025-06-07T01:44:26.863369,AirQualitySensor,466.09435661667413,AQI
2025-06-07T01:44:26.863435,network,0,"INFO: Wys쓰no dane: {'sensor_id': 'AirQualitySensor', 'timestamp': '2025-06-07T01:44:26.863369', 'value': 466.09435661667413, 'unit': 'AQI'}"
2025-06-07T01:44:26.863629,network,0,INFO: Odebrano potwierdzenie: ACK
2025-06-07T01:44:26.863646,TemperatureSensor,-18.85,C
2025-06-07T01:44:26.863735,network,0,"INFO: Wys쓰no dane: {'sensor_id': 'TemperatureSensor', 'timestamp': '2025-06-07T01:44:26.863646', 'value': -18.85, 'unit': 'C'}"
2025-06-07T01:44:26.863910,network,0,INFO: Odebrano potwierdzenie: ACK
2025-06-07T01:44:27.864143,PressureSensor,984.7326528711619,hPa
2025-06-07T01:44:27.864267,network,0,"INFO: Wys쓰no dane: {'sensor_id': 'PressureSensor', 'timestamp': '2025-06-07T01:44:27.864143', 'value': 984.7326528711619, 'unit': 'hPa'}"
2025-06-07T01:44:27.864486,network,0,INFO: Odebrano potwierdzenie: ACK
2025-06-07T01:44:27.864494,HumiditySensor,37.51525798395231,%
2025-06-07T01:44:27.864551,network,0,"INFO: Wys쓰no dane: {'sensor_id': 'HumiditySensor', 'timestamp': '2025-06-07T01:44:27.864494', 'value': 37.51525798395231, 'unit': '%'}"
2025-06-07T01:44:27.864694,network,0,INFO: Odebrano potwierdzenie: ACK
2025-06-07T01:44:27.864701,AirQualitySensor,442.51662563948946,AQI
2025-06-07T01:44:27.864765,network,0,"INFO: Wys쓰no dane: {'sensor_id': 'AirQualitySensor', 'timestamp': '2025-06-07T01:44:27.864701', 'value': 442.51662563948946, 'unit': 'AQI'}"
2025-06-07T01:44:27.864897,network,0,INFO: Odebrano potwierdzenie: ACK
2025-06-07T01:44:27.864902,TemperatureSensor,-19.87,C
2025-06-07T01:44:27.864959,network,0,"INFO: Wys쓰no dane: {'sensor_id': 'TemperatureSensor', 'timestamp': '2025-06-07T01:44:27.864902', 'value': -19.87, 'unit': 'C'}"
2025-06-07T01:44:27.865101,network,0,INFO: Odebrano potwierdzenie: ACK
2025-06-07T01:44:28.865564,PressureSensor,977.903650651478,hPa
2025-06-07T01:44:28.865702,network,0,"INFO: Wys쓰no dane: {'sensor_id': 'PressureSensor', 'timestamp': '2025-06-07T01:44:28.865564', 'value': 977.903650651478, 'unit': 'hPa'}"
2025-06-07T01:44:28.865890,network,0,INFO: Odebrano potwierdzenie: ACK
2025-06-07T01:44:28.865899,HumiditySensor,24.987830778839502,%
2025-06-07T01:44:28.865958,network,0,"INFO: Wys쓰no dane: {'sensor_id': 'HumiditySensor', 'timestamp': '2025-06-07T01:44:28.865899', 'value': 24.987830778839502, 'unit': '%'}"
2025-06-07T01:44:28.866060,network,0,INFO: Odebrano potwierdzenie: ACK
2025-06-07T01:44:28.866066,AirQualitySensor,56.36827423896512,AQI
2025-06-07T01:44:28.866103,network,0,"INFO: Wys쓰no dane: {'sensor_id': 'AirQualitySensor', 'timestamp': '2025-06-07T01:44:28.866066', 'value': 56.36827423896512, 'unit': 'AQI'}"
2025-06-07T01:44:28.866208,network,0,INFO: Odebrano potwierdzenie: ACK
2025-06-07T01:44:28.866212,TemperatureSensor,-18.7,C
2025-06-07T01:44:28.866254,network,0,"INFO: Wys쓰no dane: {'sensor_id': 'TemperatureSensor', 'timestamp': '2025-06-07T01:44:28.866212', 'value': -18.7, 'unit': 'C'}"
2025-06-07T01:44:28.866356,network,0,INFO: Odebrano potwierdzenie: ACK
2025-06-07T01:44:29.867260,PressureSensor,977.1976018811686,hPa
2025-06-07T01:44:29.867403,network,0,"INFO: Wys쓰no dane: {'sensor_id': 'PressureSensor', 'timestamp': '2025-06-07T01:44:29.867260', 'value': 977.1976018811686, 'unit': 'hPa'}"
2025-06-07T01:44:29.867650,network,0,INFO: Odebrano potwierdzenie: ACK
2025-06-07T01:44:29.867668,HumiditySensor,73.2947134213702,%
2025-06-07T01:44:29.867733,network,0,"INFO: Wys쓰no dane: {'sensor_id': 'HumiditySensor', 'timestamp': '2025-06-07T01:44:29.867668', 'value': 73.2947134213702, 'unit': '%'}"
2025-06-07T01:44:29.867927,network,0,INFO: Odebrano potwierdzenie: ACK
2025-06-07T01:44:29.867939,AirQualitySensor,464.1050251692043,AQI
2025-06-07T01:44:29.869194,network,0,"INFO: Wys쓰no dane: {'sensor_id': 'AirQualitySensor', 'timestamp': '2025-06-07T01:44:29.867939', 'value': 464.1050251692043, 'unit': 'AQI'}"
2025-06-07T01:44:29.869378,network,0,INFO: Odebrano potwierdzenie: ACK
2025-06-07T01:44:29.869397,TemperatureSensor,-19.58,C
2025-06-07T01:44:29.869465,network,0,"INFO: Wys쓰no dane: {'sensor_id': 'TemperatureSensor', 'timestamp': '2025-06-07T01:44:29.869397', 'value': -19.58, 'unit': 'C'}"
2025-06-07T01:44:29.869624,network,0,INFO: Odebrano potwierdzenie: ACK
2025-06-07T01:44:30.870017,PressureSensor,1027.428410271378,hPa
2025-06-07T01:44:30.870235,network,0,"INFO: Wys쓰no dane: {'sensor_id': 'PressureSensor', 'timestamp': '2025-06-07T01:44:30.870017', 'value': 1027.428410271378, 'unit': 'hPa'}"
2025-06-07T01:44:30.870561,network,0,INFO: Odebrano potwierdzenie: ACK
2025-06-07T01:44:30.870572,HumiditySensor,55.4355413161378,%
2025-06-07T01:44:30.870640,network,0,"INFO: Wys쓰no dane: {'sensor_id': 'HumiditySensor', 'timestamp': '2025-06-07T01:44:30.870572', 'value': 55.4355413161378, 'unit': '%'}"
2025-06-07T01:44:30.870820,network,0,INFO: Odebrano potwierdzenie: ACK
2025-06-07T01:44:30.870834,AirQualitySensor,450.1325647659867,AQI
2025-06-07T01:44:30.870896,network,0,"INFO: Wys쓰no dane: {'sensor_id': 'AirQualitySensor', 'timestamp': '2025-06-07T01:44:30.870834', 'value': 450.1325647659867, 'unit': 'AQI'}"
2025-06-07T01:44:30.871047,network,0,INFO: Odebrano potwierdzenie: ACK
2025-06-07T01:44:30.871057,TemperatureSensor,-18.62,C
2025-06-07T01:44:30.871151,network,0,"INFO: Wys쓰no dane: {'sensor_id': 'TemperatureSensor', 'timestamp': '2025-06-07T01:44:30.871057', 'value': -18.62, 'unit': 'C'}"
2025-06-07T01:44:30.871311,network,0,INFO: Odebrano potwierdzenie: ACK
2025-06-07T01:44:31.871578,PressureSensor,1037.2256307352177,hPa
2025-06-07T01:44:31.871765,network,0,"INFO: Wys쓰no dane: {'sensor_id': 'PressureSensor', 'timestamp': '2025-06-07T01:44:31.871578', 'value': 1037.2256307352177, 'unit': 'hPa'}"
2025-06-07T01:44:31.872020,network,0,INFO: Odebrano potwierdzenie: ACK
2025-06-07T01:44:31.872028,HumiditySensor,84.15026886569008,%
2025-06-07T01:44:31.872082,network,0,"INFO: Wys쓰no dane: {'sensor_id': 'HumiditySensor', 'timestamp': '2025-06-07T01:44:31.872028', 'value': 84.15026886569008, 'unit': '%'}"
2025-06-07T01:44:31.872225,network,0,INFO: Odebrano potwierdzenie: ACK
2025-06-07T01:44:31.872232,AirQualitySensor,319.6188718973939,AQI
2025-06-07T01:44:31.872281,network,0,"INFO: Wys쓰no dane: {'sensor_id': 'AirQualitySensor', 'timestamp': '2025-06-07T01:44:31.872232', 'value': 319.6188718973939, 'unit': 'AQI'}"
2025-06-07T01:44:31.872424,network,0,INFO: Odebrano potwierdzenie: ACK
2025-06-07T01:44:31.872428,TemperatureSensor,-19.91,C
2025-06-07T01:44:31.872484,network,0,"INFO: Wys쓰no dane: {'sensor_id': 'TemperatureSensor', 'timestamp': '2025-06-07T01:44:31.872428', 'value': -19.91, 'unit': 'C'}"
2025-06-07T01:44:31.872626,network,0,INFO: Odebrano potwierdzenie: ACK
2025-06-07T01:44:32.873274,PressureSensor,987.5995118912871,hPa
2025-06-07T01:44:32.873433,network,0,"INFO: Wys쓰no dane: {'sensor_id': 'PressureSensor', 'timestamp': '2025-06-07T01:44:32.873274', 'value': 987.5995118912871, 'unit': 'hPa'}"
2025-06-07T01:44:32.873691,network,0,INFO: Odebrano potwierdzenie: ACK
2025-06-07T01:44:32.873702,HumiditySensor,73.00427251039096,%
2025-06-07T01:44:32.873773,network,0,"INFO: Wys쓰no dane: {'sensor_id': 'HumiditySensor', 'timestamp': '2025-06-07T01:44:32.873702', 'value': 73.00427251039096, 'unit': '%'}"
2025-06-07T01:44:32.873955,network,0,INFO: Odebrano potwierdzenie: ACK
2025-06-07T01:44:32.873968,AirQualitySensor,381.45504507941877,AQI
2025-06-07T01:44:32.874037,network,0,"INFO: Wys쓰no dane: {'sensor_id': 'AirQualitySensor', 'timestamp': '2025-06-07T01:44:32.873968', 'value': 381.45504507941877, 'unit': 'AQI'}"
2025-06-07T01:44:32.874216,network,0,INFO: Odebrano potwierdzenie: ACK
2025-06-07T01:44:32.874228,TemperatureSensor,-18.62,C
2025-06-07T01:44:32.874304,network,0,"INFO: Wys쓰no dane: {'sensor_id': 'TemperatureSensor', 'timestamp': '2025-06-07T01:44:32.874228', 'value': -18.62, 'unit': 'C'}"
2025-06-07T01:44:32.874495,network,0,INFO: Odebrano potwierdzenie: ACK
2025-06-07T01:44:33.874788,PressureSensor,971.8271304576956,hPa
2025-06-07T01:44:33.874920,network,0,"INFO: Wys쓰no dane: {'sensor_id': 'PressureSensor', 'timestamp': '2025-06-07T01:44:33.874788', 'value': 971.8271304576956, 'unit': 'hPa'}"
2025-06-07T01:44:33.875176,network,0,INFO: Odebrano potwierdzenie: ACK
2025-06-07T01:44:33.875194,HumiditySensor,30.9818925055506,%
2025-06-07T01:44:33.875272,network,0,"INFO: Wys쓰no dane: {'sensor_id': 'HumiditySensor', 'timestamp': '2025-06-07T01:44:33.875194', 'value': 30.9818925055506, 'unit': '%'}"
2025-06-07T01:44:33.875430,network,0,INFO: Odebrano potwierdzenie: ACK
2025-06-07T01:44:33.875438,AirQualitySensor,84.02350730069192,AQI
2025-06-07T01:44:33.875496,network,0,"INFO: Wys쓰no dane: {'sensor_id': 'AirQualitySensor', 'timestamp': '2025-06-07T01:44:33.875438', 'value': 84.02350730069192, 'unit': 'AQI'}"
2025-06-07T01:44:33.875645,network,0,INFO: Odebrano potwierdzenie: ACK
2025-06-07T01:44:33.875650,TemperatureSensor,-18.8,C
2025-06-07T01:44:33.875718,network,0,"INFO: Wys쓰no dane: {'sensor_id': 'TemperatureSensor', 'timestamp': '2025-06-07T01:44:33.875650', 'value': -18.8, 'unit': 'C'}"
2025-06-07T01:44:33.875894,network,0,INFO: Odebrano potwierdzenie: ACK
2025-06-07T01:44:34.876082,PressureSensor,988.636650391333,hPa
2025-06-07T01:44:34.876230,network,0,"INFO: Wys쓰no dane: {'sensor_id': 'PressureSensor', 'timestamp': '2025-06-07T01:44:34.876082', 'value': 988.636650391333, 'unit': 'hPa'}"
2025-06-07T01:44:34.876491,network,0,INFO: Odebrano potwierdzenie: ACK
2025-06-07T01:44:34.876509,HumiditySensor,72.67240228536389,%
2025-06-07T01:44:34.876573,network,0,"INFO: Wys쓰no dane: {'sensor_id': 'HumiditySensor', 'timestamp': '2025-06-07T01:44:34.876509', 'value': 72.67240228536389, 'unit': '%'}"
2025-06-07T01:44:34.876756,network,0,INFO: Odebrano potwierdzenie: ACK
2025-06-07T01:44:34.876775,AirQualitySensor,433.39173436942133,AQI
2025-06-07T01:44:34.876834,network,0,"INFO: Wys쓰no dane: {'sensor_id': 'AirQualitySensor', 'timestamp': '2025-06-07T01:44:34.876775', 'value': 433.39173436942133, 'unit': 'AQI'}"
2025-06-07T01:44:34.876972,network,0,INFO: Odebrano potwierdzenie: ACK
2025-06-07T01:44:34.876977,TemperatureSensor,-19.69,C
2025-06-07T01:44:34.877045,network,0,"INFO: Wys쓰no dane: {'sensor_id': 'TemperatureSensor', 'timestamp': '2025-06-07T01:44:34.876977', 'value': -19.69, 'unit': 'C'}"
2025-06-07T01:44:34.877179,network,0,INFO: Odebrano potwierdzenie: ACK
2025-06-07T01:44:35.877305,PressureSensor,969.5382474465196,hPa
2025-06-07T01:44:35.877439,network,0,"INFO: Wys쓰no dane: {'sensor_id': 'PressureSensor', 'timestamp': '2025-06-07T01:44:35.877305', 'value': 969.5382474465196, 'unit': 'hPa'}"
2025-06-07T01:44:35.877659,network,0,INFO: Odebrano potwierdzenie: ACK
2025-06-07T01:44:35.877666,HumiditySensor,9.326195837133454,%
2025-06-07T01:44:35.877720,network,0,"INFO: Wys쓰no dane: {'sensor_id': 'HumiditySensor', 'timestamp': '2025-06-07T01:44:35.877666', 'value': 9.326195837133454, 'unit': '%'}"
2025-06-07T01:44:35.877860,network,0,INFO: Odebrano potwierdzenie: ACK
2025-06-07T01:44:35.877866,AirQualitySensor,141.24501313556038,AQI
2025-06-07T01:44:35.877914,network,0,"INFO: Wys쓰no dane: {'sensor_id': 'AirQualitySensor', 'timestamp': '2025-06-07T01:44:35.877866', 'value': 141.24501313556038, 'unit': 'AQI'}"
2025-06-07T01:44:35.878056,network,0,INFO: Odebrano potwierdzenie: ACK
2025-06-07T01:44:35.878061,TemperatureSensor,-18.84,C
2025-06-07T01:44:35.878116,network,0,"INFO: Wys쓰no dane: {'sensor_id': 'TemperatureSensor', 'timestamp': '2025-06-07T01:44:35.878061', 'value': -18.84, 'unit': 'C'}"
2025-06-07T01:44:35.878258,network,0,INFO: Odebrano potwierdzenie: ACK
2025-06-07T01:45:47.695666,network,0,INFO: Po씿czono z 127.0.0.1:9000
2025-06-07T01:45:47.695706,PressureSensor,996.6034470409147,hPa
2025-06-07T01:45:47.695773,network,0,"INFO: Wys쓰no dane: {'sensor_id': 'PressureSensor', 'timestamp': '2025-06-07T01:45:47.695706', 'value': 996.6034470409147, 'unit': 'hPa'}"
2025-06-07T01:45:47.696173,network,0,INFO: Odebrano potwierdzenie: ACK
2025-06-07T01:45:47.696183,HumiditySensor,80.37966538764071,%
2025-06-07T01:45:47.696227,network,0,"INFO: Wys쓰no dane: {'sensor_id': 'HumiditySensor', 'timestamp': '2025-06-07T01:45:47.696183', 'value': 80.37966538764071, 'unit': '%'}"
2025-06-07T01:45:47.696326,network,0,INFO: Odebrano potwierdzenie: ACK
2025-06-07T01:45:47.696332,AirQualitySensor,499.18212275942545,AQI
2025-06-07T01:45:47.696363,network,0,"INFO: Wys쓰no dane: {'sensor_id': 'AirQualitySensor', 'timestamp': '2025-06-07T01:45:47.696332', 'value': 499.18212275942545, 'unit': 'AQI'}"
2025-06-07T01:45:47.696463,network,0,INFO: Odebrano potwierdzenie: ACK
2025-06-07T01:45:47.696473,TemperatureSensor,-18.79,C
2025-06-07T01:45:47.696544,network,0,"INFO: Wys쓰no dane: {'sensor_id': 'TemperatureSensor', 'timestamp': '2025-06-07T01:45:47.696473', 'value': -18.79, 'unit': 'C'}"
2025-06-07T01:45:47.696623,network,0,INFO: Odebrano potwierdzenie: ACK
2025-06-07T01:45:48.696938,PressureSensor,991.3724782849534,hPa
2025-06-07T01:45:48.697068,network,0,"INFO: Wys쓰no dane: {'sensor_id': 'PressureSensor', 'timestamp': '2025-06-07T01:45:48.696938', 'value': 991.3724782849534, 'unit': 'hPa'}"
2025-06-07T01:45:48.697264,network,0,INFO: Odebrano potwierdzenie: ACK
2025-06-07T01:45:48.697275,HumiditySensor,10.922948647049857,%
2025-06-07T01:45:48.697323,network,0,"INFO: Wys쓰no dane: {'sensor_id': 'HumiditySensor', 'timestamp': '2025-06-07T01:45:48.697275', 'value': 10.922948647049857, 'unit': '%'}"
2025-06-07T01:45:48.697493,network,0,INFO: Odebrano potwierdzenie: ACK
2025-06-07T01:45:48.697502,AirQualitySensor,295.33306020604874,AQI
2025-06-07T01:45:48.697555,network,0,"INFO: Wys쓰no dane: {'sensor_id': 'AirQualitySensor', 'timestamp': '2025-06-07T01:45:48.697502', 'value': 295.33306020604874, 'unit': 'AQI'}"
2025-06-07T01:45:48.697648,network,0,INFO: Odebrano potwierdzenie: ACK
2025-06-07T01:45:48.697654,TemperatureSensor,-19.37,C
2025-06-07T01:45:48.697705,network,0,"INFO: Wys쓰no dane: {'sensor_id': 'TemperatureSensor', 'timestamp': '2025-06-07T01:45:48.697654', 'value': -19.37, 'unit': 'C'}"
2025-06-07T01:45:48.697798,network,0,INFO: Odebrano potwierdzenie: ACK
2025-06-07T01:45:49.697887,PressureSensor,1004.6002563498948,hPa
2025-06-07T01:45:49.698005,network,0,"INFO: Wys쓰no dane: {'sensor_id': 'PressureSensor', 'timestamp': '2025-06-07T01:45:49.697887', 'value': 1004.6002563498948, 'unit': 'hPa'}"
2025-06-07T01:45:49.698214,network,0,INFO: Odebrano potwierdzenie: ACK
2025-06-07T01:45:49.698224,HumiditySensor,36.20556865051236,%
2025-06-07T01:45:49.698281,network,0,"INFO: Wys쓰no dane: {'sensor_id': 'HumiditySensor', 'timestamp': '2025-06-07T01:45:49.698224', 'value': 36.20556865051236, 'unit': '%'}"
2025-06-07T01:45:49.698387,network,0,INFO: Odebrano potwierdzenie: ACK
2025-06-07T01:45:49.698394,AirQualitySensor,266.01366462170125,AQI
2025-06-07T01:45:49.698434,network,0,"INFO: Wys쓰no dane: {'sensor_id': 'AirQualitySensor', 'timestamp': '2025-06-07T01:45:49.698394', 'value': 266.01366462170125, 'unit': 'AQI'}"
2025-06-07T01:45:49.698538,network,0,INFO: Odebrano potwierdzenie: ACK
2025-06-07T01:45:49.698550,TemperatureSensor,-19.52,C
2025-06-07T01:45:49.698607,network,0,"INFO: Wys쓰no dane: {'sensor_id': 'TemperatureSensor', 'timestamp': '2025-06-07T01:45:49.698550', 'value': -19.52, 'unit': 'C'}"
2025-06-07T01:45:49.698737,network,0,INFO: Odebrano potwierdzenie: ACK
2025-06-07T01:45:50.699125,PressureSensor,981.7526984599997,hPa
2025-06-07T01:45:50.699245,network,0,"INFO: Wys쓰no dane: {'sensor_id': 'PressureSensor', 'timestamp': '2025-06-07T01:45:50.699125', 'value': 981.7526984599997, 'unit': 'hPa'}"
2025-06-07T01:45:50.699431,network,0,INFO: Odebrano potwierdzenie: ACK
2025-06-07T01:45:50.699437,HumiditySensor,26.12331379894197,%
2025-06-07T01:45:50.699477,network,0,"INFO: Wys쓰no dane: {'sensor_id': 'HumiditySensor', 'timestamp': '2025-06-07T01:45:50.699437', 'value': 26.12331379894197, 'unit': '%'}"
2025-06-07T01:45:50.699569,network,0,INFO: Odebrano potwierdzenie: ACK
2025-06-07T01:45:50.699575,AirQualitySensor,219.4269962785347,AQI
2025-06-07T01:45:50.699617,network,0,"INFO: Wys쓰no dane: {'sensor_id': 'AirQualitySensor', 'timestamp': '2025-06-07T01:45:50.699575', 'value': 219.4269962785347, 'unit': 'AQI'}"
2025-06-07T01:45:50.699701,network,0,INFO: Odebrano potwierdzenie: ACK
2025-06-07T01:45:50.699707,TemperatureSensor,-19.19,C
2025-06-07T01:45:50.699756,network,0,"INFO: Wys쓰no dane: {'sensor_id': 'TemperatureSensor', 'timestamp': '2025-06-07T01:45:50.699707', 'value': -19.19, 'unit': 'C'}"
2025-06-07T01:45:50.699844,network,0,INFO: Odebrano potwierdzenie: ACK
2025-06-07T01:45:51.700415,PressureSensor,955.2778998196403,hPa
2025-06-07T01:45:51.700557,network,0,"INFO: Wys쓰no dane: {'sensor_id': 'PressureSensor', 'timestamp': '2025-06-07T01:45:51.700415', 'value': 955.2778998196403, 'unit': 'hPa'}"
2025-06-07T01:45:51.700807,network,0,INFO: Odebrano potwierdzenie: ACK
2025-06-07T01:45:51.700820,HumiditySensor,47.650773335039055,%
2025-06-07T01:45:51.700891,network,0,"INFO: Wys쓰no dane: {'sensor_id': 'HumiditySensor', 'timestamp': '2025-06-07T01:45:51.700820', 'value': 47.650773335039055, 'unit': '%'}"
2025-06-07T01:45:51.701059,network,0,INFO: Odebrano potwierdzenie: ACK
2025-06-07T01:45:51.701071,AirQualitySensor,336.49266036533334,AQI
2025-06-07T01:45:51.701139,network,0,"INFO: Wys쓰no dane: {'sensor_id': 'AirQualitySensor', 'timestamp': '2025-06-07T01:45:51.701071', 'value': 336.49266036533334, 'unit': 'AQI'}"
2025-06-07T01:45:51.701298,network,0,INFO: Odebrano potwierdzenie: ACK
2025-06-07T01:45:51.701308,TemperatureSensor,-18.7,C
2025-06-07T01:45:51.701380,network,0,"INFO: Wys쓰no dane: {'sensor_id': 'TemperatureSensor', 'timestamp': '2025-06-07T01:45:51.701308', 'value': -18.7, 'unit': 'C'}"
2025-06-07T01:45:51.701549,network,0,INFO: Odebrano potwierdzenie: ACK
2025-06-07T01:45:52.702127,PressureSensor,1032.551687153194,hPa
2025-06-07T01:45:52.702314,network,0,"INFO: Wys쓰no dane: {'sensor_id': 'PressureSensor', 'timestamp': '2025-06-07T01:45:52.702127', 'value': 1032.551687153194, 'unit': 'hPa'}"
2025-06-07T01:45:52.702741,network,0,INFO: Odebrano potwierdzenie: ACK
2025-06-07T01:45:52.702752,HumiditySensor,97.05699686887674,%
2025-06-07T01:45:52.702830,network,0,"INFO: Wys쓰no dane: {'sensor_id': 'HumiditySensor', 'timestamp': '2025-06-07T01:45:52.702752', 'value': 97.05699686887674, 'unit': '%'}"
2025-06-07T01:45:52.703010,network,0,INFO: Odebrano potwierdzenie: ACK
2025-06-07T01:45:52.703021,AirQualitySensor,407.48857445983924,AQI
2025-06-07T01:45:52.703103,network,0,"INFO: Wys쓰no dane: {'sensor_id': 'AirQualitySensor', 'timestamp': '2025-06-07T01:45:52.703021', 'value': 407.48857445983924, 'unit': 'AQI'}"
2025-06-07T01:45:52.703287,network,0,INFO: Odebrano potwierdzenie: ACK
2025-06-07T01:45:52.703297,TemperatureSensor,-19.28,C
2025-06-07T01:45:52.703369,network,0,"INFO: Wys쓰no dane: {'sensor_id': 'TemperatureSensor', 'timestamp': '2025-06-07T01:45:52.703297', 'value': -19.28, 'unit': 'C'}"
2025-06-07T01:45:52.703554,network,0,INFO: Odebrano potwierdzenie: ACK
2025-06-07T01:45:53.703773,PressureSensor,981.641841929317,hPa
2025-06-07T01:45:53.703909,network,0,"INFO: Wys쓰no dane: {'sensor_id': 'PressureSensor', 'timestamp': '2025-06-07T01:45:53.703773', 'value': 981.641841929317, 'unit': 'hPa'}"
2025-06-07T01:45:53.704228,network,0,INFO: Odebrano potwierdzenie: ACK
2025-06-07T01:45:53.704239,HumiditySensor,12.544393947667531,%
2025-06-07T01:45:53.704309,network,0,"INFO: Wys쓰no dane: {'sensor_id': 'HumiditySensor', 'timestamp': '2025-06-07T01:45:53.704239', 'value': 12.544393947667531, 'unit': '%'}"
2025-06-07T01:45:53.704478,network,0,INFO: Odebrano potwierdzenie: ACK
2025-06-07T01:45:53.704497,AirQualitySensor,321.54917380410456,AQI
2025-06-07T01:45:53.704558,network,0,"INFO: Wys쓰no dane: {'sensor_id': 'AirQualitySensor', 'timestamp': '2025-06-07T01:45:53.704497', 'value': 321.54917380410456, 'unit': 'AQI'}"
2025-06-07T01:45:53.704731,network,0,INFO: Odebrano potwierdzenie: ACK
2025-06-07T01:45:53.704758,TemperatureSensor,-19.81,C
2025-06-07T01:45:53.704827,network,0,"INFO: Wys쓰no dane: {'sensor_id': 'TemperatureSensor', 'timestamp': '2025-06-07T01:45:53.704758', 'value': -19.81, 'unit': 'C'}"
2025-06-07T01:45:53.704999,network,0,INFO: Odebrano potwierdzenie: ACK
2025-06-07T01:45:54.705841,PressureSensor,1017.0849808654768,hPa
2025-06-07T01:45:54.705977,network,0,"INFO: Wys쓰no dane: {'sensor_id': 'PressureSensor', 'timestamp': '2025-06-07T01:45:54.705841', 'value': 1017.0849808654768, 'unit': 'hPa'}"
2025-06-07T01:45:54.706225,network,0,INFO: Odebrano potwierdzenie: ACK
2025-06-07T01:45:54.706244,HumiditySensor,92.34417181370583,%
2025-06-07T01:45:54.706309,network,0,"INFO: Wys쓰no dane: {'sensor_id': 'HumiditySensor', 'timestamp': '2025-06-07T01:45:54.706244', 'value': 92.34417181370583, 'unit': '%'}"
2025-06-07T01:45:54.706478,network,0,INFO: Odebrano potwierdzenie: ACK
2025-06-07T01:45:54.706497,AirQualitySensor,391.1753066377134,AQI
2025-06-07T01:45:54.706557,network,0,"INFO: Wys쓰no dane: {'sensor_id': 'AirQualitySensor', 'timestamp': '2025-06-07T01:45:54.706497', 'value': 391.1753066377134, 'unit': 'AQI'}"
2025-06-07T01:45:54.706727,network,0,INFO: Odebrano potwierdzenie: ACK
2025-06-07T01:45:54.706752,TemperatureSensor,-18.22,C
2025-06-07T01:45:54.706822,network,0,"INFO: Wys쓰no dane: {'sensor_id': 'TemperatureSensor', 'timestamp': '2025-06-07T01:45:54.706752', 'value': -18.22, 'unit': 'C'}"
2025-06-07T01:45:54.706998,network,0,INFO: Odebrano potwierdzenie: ACK
2025-06-07T01:45:55.707330,PressureSensor,982.7404640994106,hPa
2025-06-07T01:45:55.707477,network,0,"INFO: Wys쓰no dane: {'sensor_id': 'PressureSensor', 'timestamp': '2025-06-07T01:45:55.707330', 'value': 982.7404640994106, 'unit': 'hPa'}"
2025-06-07T01:45:55.707688,network,0,INFO: Odebrano potwierdzenie: ACK
2025-06-07T01:45:55.707696,HumiditySensor,62.122821432065834,%
2025-06-07T01:45:55.707751,network,0,"INFO: Wys쓰no dane: {'sensor_id': 'HumiditySensor', 'timestamp': '2025-06-07T01:45:55.707696', 'value': 62.122821432065834, 'unit': '%'}"
2025-06-07T01:45:55.707886,network,0,INFO: Odebrano potwierdzenie: ACK
2025-06-07T01:45:55.707894,AirQualitySensor,140.65566252250233,AQI
2025-06-07T01:45:55.707947,network,0,"INFO: Wys쓰no dane: {'sensor_id': 'AirQualitySensor', 'timestamp': '2025-06-07T01:45:55.707894', 'value': 140.65566252250233, 'unit': 'AQI'}"
2025-06-07T01:45:55.708074,network,0,INFO: Odebrano potwierdzenie: ACK
2025-06-07T01:45:55.708079,TemperatureSensor,-19.24,C
2025-06-07T01:45:55.708137,network,0,"INFO: Wys쓰no dane: {'sensor_id': 'TemperatureSensor', 'timestamp': '2025-06-07T01:45:55.708079', 'value': -19.24, 'unit': 'C'}"
2025-06-07T01:45:55.708263,network,0,INFO: Odebrano potwierdzenie: ACK
2025-06-07T01:45:56.708613,PressureSensor,994.8960491724661,hPa
2025-06-07T01:45:56.708736,network,0,"INFO: Wys쓰no dane: {'sensor_id': 'PressureSensor', 'timestamp': '2025-06-07T01:45:56.708613', 'value': 994.8960491724661, 'unit': 'hPa'}"
2025-06-07T01:45:56.708989,network,0,INFO: Odebrano potwierdzenie: ACK
2025-06-07T01:45:56.709000,HumiditySensor,74.47779033852639,%
2025-06-07T01:45:56.709073,network,0,"INFO: Wys쓰no dane: {'sensor_id': 'HumiditySensor', 'timestamp': '2025-06-07T01:45:56.709000', 'value': 74.47779033852639, 'unit': '%'}"
2025-06-07T01:45:56.709248,network,0,INFO: Odebrano potwierdzenie: ACK
2025-06-07T01:45:56.709266,AirQualitySensor,310.08783229223803,AQI
2025-06-07T01:45:56.709331,network,0,"INFO: Wys쓰no dane: {'sensor_id': 'AirQualitySensor', 'timestamp': '2025-06-07T01:45:56.709266', 'value': 310.08783229223803, 'unit': 'AQI'}"
2025-06-07T01:45:56.709503,network,0,INFO: Odebrano potwierdzenie: ACK
2025-06-07T01:45:56.709520,TemperatureSensor,-18.46,C
2025-06-07T01:45:56.709588,network,0,"INFO: Wys쓰no dane: {'sensor_id': 'TemperatureSensor', 'timestamp': '2025-06-07T01:45:56.709520', 'value': -18.46, 'unit': 'C'}"
2025-06-07T01:45:56.709763,network,0,INFO: Odebrano potwierdzenie: ACK
2025-06-07T01:45:57.709950,PressureSensor,1048.6966428960075,hPa
2025-06-07T01:45:57.710076,network,0,"INFO: Wys쓰no dane: {'sensor_id': 'PressureSensor', 'timestamp': '2025-06-07T01:45:57.709950', 'value': 1048.6966428960075, 'unit': 'hPa'}"
2025-06-07T01:45:57.710330,network,0,INFO: Odebrano potwierdzenie: ACK
2025-06-07T01:45:57.710348,HumiditySensor,63.316742375624024,%
2025-06-07T01:45:57.710434,network,0,"INFO: Wys쓰no dane: {'sensor_id': 'HumiditySensor', 'timestamp': '2025-06-07T01:45:57.710348', 'value': 63.316742375624024, 'unit': '%'}"
2025-06-07T01:45:57.710582,network,0,INFO: Odebrano potwierdzenie: ACK
2025-06-07T01:45:57.710605,AirQualitySensor,304.44812418163497,AQI
2025-06-07T01:45:57.710666,network,0,"INFO: Wys쓰no dane: {'sensor_id': 'AirQualitySensor', 'timestamp': '2025-06-07T01:45:57.710605', 'value': 304.44812418163497, 'unit': 'AQI'}"
2025-06-07T01:45:57.710838,network,0,INFO: Odebrano potwierdzenie: ACK
2025-06-07T01:45:57.710855,TemperatureSensor,-18.06,C
2025-06-07T01:45:57.710922,network,0,"INFO: Wys쓰no dane: {'sensor_id': 'TemperatureSensor', 'timestamp': '2025-06-07T01:45:57.710855', 'value': -18.06, 'unit': 'C'}"
2025-06-07T01:45:57.711094,network,0,INFO: Odebrano potwierdzenie: ACK
2025-06-07T01:45:58.711531,PressureSensor,1014.8947832971617,hPa
2025-06-07T01:45:58.711660,network,0,"INFO: Wys쓰no dane: {'sensor_id': 'PressureSensor', 'timestamp': '2025-06-07T01:45:58.711531', 'value': 1014.8947832971617, 'unit': 'hPa'}"
2025-06-07T01:45:58.711918,network,0,INFO: Odebrano potwierdzenie: ACK
2025-06-07T01:45:58.711938,HumiditySensor,59.50783788319758,%
2025-06-07T01:45:58.712004,network,0,"INFO: Wys쓰no dane: {'sensor_id': 'HumiditySensor', 'timestamp': '2025-06-07T01:45:58.711938', 'value': 59.50783788319758, 'unit': '%'}"
2025-06-07T01:45:58.712192,network,0,INFO: Odebrano potwierdzenie: ACK
2025-06-07T01:45:58.712212,AirQualitySensor,273.0649073603169,AQI
2025-06-07T01:45:58.712276,network,0,"INFO: Wys쓰no dane: {'sensor_id': 'AirQualitySensor', 'timestamp': '2025-06-07T01:45:58.712212', 'value': 273.0649073603169, 'unit': 'AQI'}"
2025-06-07T01:45:58.712420,network,0,INFO: Odebrano potwierdzenie: ACK
2025-06-07T01:45:58.712426,TemperatureSensor,-19.99,C
2025-06-07T01:45:58.712482,network,0,"INFO: Wys쓰no dane: {'sensor_id': 'TemperatureSensor', 'timestamp': '2025-06-07T01:45:58.712426', 'value': -19.99, 'unit': 'C'}"
2025-06-07T01:45:58.712631,network,0,INFO: Odebrano potwierdzenie: ACK
2025-06-07T01:45:59.712830,PressureSensor,1044.672579461505,hPa
2025-06-07T01:45:59.712967,network,0,"INFO: Wys쓰no dane: {'sensor_id': 'PressureSensor', 'timestamp': '2025-06-07T01:45:59.712830', 'value': 1044.672579461505, 'unit': 'hPa'}"
2025-06-07T01:45:59.713193,network,0,INFO: Odebrano potwierdzenie: ACK
2025-06-07T01:45:59.713208,HumiditySensor,15.974332768319744,%
2025-06-07T01:45:59.713281,network,0,"INFO: Wys쓰no dane: {'sensor_id': 'HumiditySensor', 'timestamp': '2025-06-07T01:45:59.713208', 'value': 15.974332768319744, 'unit': '%'}"
2025-06-07T01:45:59.713419,network,0,INFO: Odebrano potwierdzenie: ACK
2025-06-07T01:45:59.713426,AirQualitySensor,493.7866275226197,AQI
2025-06-07T01:45:59.713479,network,0,"INFO: Wys쓰no dane: {'sensor_id': 'AirQualitySensor', 'timestamp': '2025-06-07T01:45:59.713426', 'value': 493.7866275226197, 'unit': 'AQI'}"
2025-06-07T01:45:59.713616,network,0,INFO: Odebrano potwierdzenie: ACK
2025-06-07T01:45:59.713621,TemperatureSensor,-18.75,C
2025-06-07T01:45:59.713685,network,0,"INFO: Wys쓰no dane: {'sensor_id': 'TemperatureSensor', 'timestamp': '2025-06-07T01:45:59.713621', 'value': -18.75, 'unit': 'C'}"
2025-06-07T01:45:59.713835,network,0,INFO: Odebrano potwierdzenie: ACK
2025-06-07T01:46:00.714706,PressureSensor,1038.6086427134478,hPa
2025-06-07T01:46:00.714867,network,0,"INFO: Wys쓰no dane: {'sensor_id': 'PressureSensor', 'timestamp': '2025-06-07T01:46:00.714706', 'value': 1038.6086427134478, 'unit': 'hPa'}"
2025-06-07T01:46:00.715118,network,0,INFO: Odebrano potwierdzenie: ACK
2025-06-07T01:46:00.715137,HumiditySensor,18.757173913577162,%
2025-06-07T01:46:00.715214,network,0,"INFO: Wys쓰no dane: {'sensor_id': 'HumiditySensor', 'timestamp': '2025-06-07T01:46:00.715137', 'value': 18.757173913577162, 'unit': '%'}"
2025-06-07T01:46:00.715384,network,0,INFO: Odebrano potwierdzenie: ACK
2025-06-07T01:46:00.715394,AirQualitySensor,342.38856125994033,AQI
2025-06-07T01:46:00.715451,network,0,"INFO: Wys쓰no dane: {'sensor_id': 'AirQualitySensor', 'timestamp': '2025-06-07T01:46:00.715394', 'value': 342.38856125994033, 'unit': 'AQI'}"
2025-06-07T01:46:00.715600,network,0,INFO: Odebrano potwierdzenie: ACK
2025-06-07T01:46:00.715609,TemperatureSensor,-18.19,C
2025-06-07T01:46:00.715675,network,0,"INFO: Wys쓰no dane: {'sensor_id': 'TemperatureSensor', 'timestamp': '2025-06-07T01:46:00.715609', 'value': -18.19, 'unit': 'C'}"
2025-06-07T01:46:00.715830,network,0,INFO: Odebrano potwierdzenie: ACK
2025-06-07T01:46:01.716407,PressureSensor,979.250522350685,hPa
2025-06-07T01:46:01.716547,network,0,"INFO: Wys쓰no dane: {'sensor_id': 'PressureSensor', 'timestamp': '2025-06-07T01:46:01.716407', 'value': 979.250522350685, 'unit': 'hPa'}"
2025-06-07T01:46:01.716742,network,0,INFO: Odebrano potwierdzenie: ACK
2025-06-07T01:46:01.716750,HumiditySensor,78.64199558496469,%
2025-06-07T01:46:01.716808,network,0,"INFO: Wys쓰no dane: {'sensor_id': 'HumiditySensor', 'timestamp': '2025-06-07T01:46:01.716750', 'value': 78.64199558496469, 'unit': '%'}"
2025-06-07T01:46:01.716951,network,0,INFO: Odebrano potwierdzenie: ACK
2025-06-07T01:46:01.716957,AirQualitySensor,107.6074526489243,AQI
2025-06-07T01:46:01.717007,network,0,"INFO: Wys쓰no dane: {'sensor_id': 'AirQualitySensor', 'timestamp': '2025-06-07T01:46:01.716957', 'value': 107.6074526489243, 'unit': 'AQI'}"
2025-06-07T01:46:01.717148,network,0,INFO: Odebrano potwierdzenie: ACK
2025-06-07T01:46:01.717153,TemperatureSensor,-18.88,C
2025-06-07T01:46:01.717214,network,0,"INFO: Wys쓰no dane: {'sensor_id': 'TemperatureSensor', 'timestamp': '2025-06-07T01:46:01.717153', 'value': -18.88, 'unit': 'C'}"
2025-06-07T01:46:01.717352,network,0,INFO: Odebrano potwierdzenie: ACK
2025-06-07T01:46:02.717930,PressureSensor,994.0262835060726,hPa
2025-06-07T01:46:02.718050,network,0,"INFO: Wys쓰no dane: {'sensor_id': 'PressureSensor', 'timestamp': '2025-06-07T01:46:02.717930', 'value': 994.0262835060726, 'unit': 'hPa'}"
2025-06-07T01:46:02.718308,network,0,INFO: Odebrano potwierdzenie: ACK
2025-06-07T01:46:02.718326,HumiditySensor,74.80980552740621,%
2025-06-07T01:46:02.718391,network,0,"INFO: Wys쓰no dane: {'sensor_id': 'HumiditySensor', 'timestamp': '2025-06-07T01:46:02.718326', 'value': 74.80980552740621, 'unit': '%'}"
2025-06-07T01:46:02.718566,network,0,INFO: Odebrano potwierdzenie: ACK
2025-06-07T01:46:02.718591,AirQualitySensor,124.11799998887274,AQI
2025-06-07T01:46:02.718650,network,0,"INFO: Wys쓰no dane: {'sensor_id': 'AirQualitySensor', 'timestamp': '2025-06-07T01:46:02.718591', 'value': 124.11799998887274, 'unit': 'AQI'}"
2025-06-07T01:46:02.718822,network,0,INFO: Odebrano potwierdzenie: ACK
2025-06-07T01:46:02.718840,TemperatureSensor,-19.97,C
2025-06-07T01:46:02.718913,network,0,"INFO: Wys쓰no dane: {'sensor_id': 'TemperatureSensor', 'timestamp': '2025-06-07T01:46:02.718840', 'value': -19.97, 'unit': 'C'}"
2025-06-07T01:46:02.719086,network,0,INFO: Odebrano potwierdzenie: ACK
2025-06-07T01:46:03.719491,PressureSensor,963.5023542702758,hPa
2025-06-07T01:46:03.719616,network,0,"INFO: Wys쓰no dane: {'sensor_id': 'PressureSensor', 'timestamp': '2025-06-07T01:46:03.719491', 'value': 963.5023542702758, 'unit': 'hPa'}"
2025-06-07T01:46:03.719890,network,0,INFO: Odebrano potwierdzenie: ACK
2025-06-07T01:46:03.719899,HumiditySensor,89.88968543724073,%
2025-06-07T01:46:03.719947,network,0,"INFO: Wys쓰no dane: {'sensor_id': 'HumiditySensor', 'timestamp': '2025-06-07T01:46:03.719899', 'value': 89.88968543724073, 'unit': '%'}"
2025-06-07T01:46:03.720068,network,0,INFO: Odebrano potwierdzenie: ACK
2025-06-07T01:46:03.720078,AirQualitySensor,454.5863542964353,AQI
2025-06-07T01:46:03.721291,network,0,"INFO: Wys쓰no dane: {'sensor_id': 'AirQualitySensor', 'timestamp': '2025-06-07T01:46:03.720078', 'value': 454.5863542964353, 'unit': 'AQI'}"
2025-06-07T01:46:03.721394,network,0,INFO: Odebrano potwierdzenie: ACK
2025-06-07T01:46:03.721403,TemperatureSensor,-18.67,C
2025-06-07T01:46:03.721461,network,0,"INFO: Wys쓰no dane: {'sensor_id': 'TemperatureSensor', 'timestamp': '2025-06-07T01:46:03.721403', 'value': -18.67, 'unit': 'C'}"
2025-06-07T01:46:03.721540,network,0,INFO: Odebrano potwierdzenie: ACK
2025-06-07T01:46:04.721765,PressureSensor,956.1829966455089,hPa
2025-06-07T01:46:04.721917,network,0,"INFO: Wys쓰no dane: {'sensor_id': 'PressureSensor', 'timestamp': '2025-06-07T01:46:04.721765', 'value': 956.1829966455089, 'unit': 'hPa'}"
2025-06-07T01:46:04.722131,network,0,INFO: Odebrano potwierdzenie: ACK
2025-06-07T01:46:04.722141,HumiditySensor,7.259317162316381,%
2025-06-07T01:46:04.722198,network,0,"INFO: Wys쓰no dane: {'sensor_id': 'HumiditySensor', 'timestamp': '2025-06-07T01:46:04.722141', 'value': 7.259317162316381, 'unit': '%'}"
2025-06-07T01:46:04.722335,network,0,INFO: Odebrano potwierdzenie: ACK
2025-06-07T01:46:04.722342,AirQualitySensor,128.27879004562925,AQI
2025-06-07T01:46:04.722387,network,0,"INFO: Wys쓰no dane: {'sensor_id': 'AirQualitySensor', 'timestamp': '2025-06-07T01:46:04.722342', 'value': 128.27879004562925, 'unit': 'AQI'}"
2025-06-07T01:46:04.722493,network,0,INFO: Odebrano potwierdzenie: ACK
2025-06-07T01:46:04.722500,TemperatureSensor,-19.52,C
2025-06-07T01:46:04.722552,network,0,"INFO: Wys쓰no dane: {'sensor_id': 'TemperatureSensor', 'timestamp': '2025-06-07T01:46:04.722500', 'value': -19.52, 'unit': 'C'}"
2025-06-07T01:46:04.722685,network,0,INFO: Odebrano potwierdzenie: ACK
2025-06-07T01:46:05.723141,PressureSensor,954.195412662367,hPa
2025-06-07T01:46:05.723278,network,0,"INFO: Wys쓰no dane: {'sensor_id': 'PressureSensor', 'timestamp': '2025-06-07T01:46:05.723141', 'value': 954.195412662367, 'unit': 'hPa'}"
2025-06-07T01:46:05.723500,network,0,INFO: Odebrano potwierdzenie: ACK
2025-06-07T01:46:05.723512,HumiditySensor,38.028037073382315,%
2025-06-07T01:46:05.723582,network,0,"INFO: Wys쓰no dane: {'sensor_id': 'HumiditySensor', 'timestamp': '2025-06-07T01:46:05.723512', 'value': 38.028037073382315, 'unit': '%'}"
2025-06-07T01:46:05.723690,network,0,INFO: Odebrano potwierdzenie: ACK
2025-06-07T01:46:05.723697,AirQualitySensor,314.3947683021658,AQI
2025-06-07T01:46:05.723745,network,0,"INFO: Wys쓰no dane: {'sensor_id': 'AirQualitySensor', 'timestamp': '2025-06-07T01:46:05.723697', 'value': 314.3947683021658, 'unit': 'AQI'}"
2025-06-07T01:46:05.723845,network,0,INFO: Odebrano potwierdzenie: ACK
2025-06-07T01:46:05.723850,TemperatureSensor,-18.98,C
2025-06-07T01:46:05.723902,network,0,"INFO: Wys쓰no dane: {'sensor_id': 'TemperatureSensor', 'timestamp': '2025-06-07T01:46:05.723850', 'value': -18.98, 'unit': 'C'}"
2025-06-07T01:46:05.724000,network,0,INFO: Odebrano potwierdzenie: ACK
2025-06-07T01:46:06.724209,PressureSensor,1012.4312061316286,hPa
2025-06-07T01:46:06.724360,network,0,"INFO: Wys쓰no dane: {'sensor_id': 'PressureSensor', 'timestamp': '2025-06-07T01:46:06.724209', 'value': 1012.4312061316286, 'unit': 'hPa'}"
2025-06-07T01:46:06.724573,network,0,INFO: Odebrano potwierdzenie: ACK
2025-06-07T01:46:06.724583,HumiditySensor,5.717036360036687,%
2025-06-07T01:46:06.724638,network,0,"INFO: Wys쓰no dane: {'sensor_id': 'HumiditySensor', 'timestamp': '2025-06-07T01:46:06.724583', 'value': 5.717036360036687, 'unit': '%'}"
2025-06-07T01:46:06.724776,network,0,INFO: Odebrano potwierdzenie: ACK
2025-06-07T01:46:06.724787,AirQualitySensor,268.2006270750821,AQI
2025-06-07T01:46:06.724843,network,0,"INFO: Wys쓰no dane: {'sensor_id': 'AirQualitySensor', 'timestamp': '2025-06-07T01:46:06.724787', 'value': 268.2006270750821, 'unit': 'AQI'}"
2025-06-07T01:46:06.724946,network,0,INFO: Odebrano potwierdzenie: ACK
2025-06-07T01:46:06.724951,TemperatureSensor,-18.94,C
2025-06-07T01:46:06.725004,network,0,"INFO: Wys쓰no dane: {'sensor_id': 'TemperatureSensor', 'timestamp': '2025-06-07T01:46:06.724951', 'value': -18.94, 'unit': 'C'}"
2025-06-07T01:46:06.725102,network,0,INFO: Odebrano potwierdzenie: ACK
2025-06-07T01:46:07.725387,PressureSensor,1044.3474953781188,hPa
2025-06-07T01:46:07.725523,network,0,"INFO: Wys쓰no dane: {'sensor_id': 'PressureSensor', 'timestamp': '2025-06-07T01:46:07.725387', 'value': 1044.3474953781188, 'unit': 'hPa'}"
2025-06-07T01:46:07.725769,network,0,INFO: Odebrano potwierdzenie: ACK
2025-06-07T01:46:07.725789,HumiditySensor,66.03656811093181,%
2025-06-07T01:46:07.725850,network,0,"INFO: Wys쓰no dane: {'sensor_id': 'HumiditySensor', 'timestamp': '2025-06-07T01:46:07.725789', 'value': 66.03656811093181, 'unit': '%'}"
2025-06-07T01:46:07.725987,network,0,INFO: Odebrano potwierdzenie: ACK
2025-06-07T01:46:07.725994,AirQualitySensor,333.71173110602615,AQI
2025-06-07T01:46:07.726047,network,0,"INFO: Wys쓰no dane: {'sensor_id': 'AirQualitySensor', 'timestamp': '2025-06-07T01:46:07.725994', 'value': 333.71173110602615, 'unit': 'AQI'}"
2025-06-07T01:46:07.726186,network,0,INFO: Odebrano potwierdzenie: ACK
2025-06-07T01:46:07.726191,TemperatureSensor,-18.8,C
2025-06-07T01:46:07.726247,network,0,"INFO: Wys쓰no dane: {'sensor_id': 'TemperatureSensor', 'timestamp': '2025-06-07T01:46:07.726191', 'value': -18.8, 'unit': 'C'}"
2025-06-07T01:46:07.726394,network,0,INFO: Odebrano potwierdzenie: ACK
2025-06-07T01:46:08.726689,PressureSensor,1001.1294453072653,hPa
2025-06-07T01:46:08.726840,network,0,"INFO: Wys쓰no dane: {'sensor_id': 'PressureSensor', 'timestamp': '2025-06-07T01:46:08.726689', 'value': 1001.1294453072653, 'unit': 'hPa'}"
2025-06-07T01:46:08.727107,network,0,INFO: Odebrano potwierdzenie: ACK
2025-06-07T01:46:08.727121,HumiditySensor,23.779194889541078,%
2025-06-07T01:46:08.727184,network,0,"INFO: Wys쓰no dane: {'sensor_id': 'HumiditySensor', 'timestamp': '2025-06-07T01:46:08.727121', 'value': 23.779194889541078, 'unit': '%'}"
2025-06-07T01:46:08.727354,network,0,INFO: Odebrano potwierdzenie: ACK
2025-06-07T01:46:08.727365,AirQualitySensor,225.95917979052004,AQI
2025-06-07T01:46:08.727431,network,0,"INFO: Wys쓰no dane: {'sensor_id': 'AirQualitySensor', 'timestamp': '2025-06-07T01:46:08.727365', 'value': 225.95917979052004, 'unit': 'AQI'}"
2025-06-07T01:46:08.727601,network,0,INFO: Odebrano potwierdzenie: ACK
2025-06-07T01:46:08.727618,TemperatureSensor,-18.88,C
2025-06-07T01:46:08.727685,network,0,"INFO: Wys쓰no dane: {'sensor_id': 'TemperatureSensor', 'timestamp': '2025-06-07T01:46:08.727618', 'value': -18.88, 'unit': 'C'}"
2025-06-07T01:46:08.727856,network,0,INFO: Odebrano potwierdzenie: ACK
2025-06-07T01:46:09.728022,PressureSensor,953.231779192598,hPa
2025-06-07T01:46:09.728150,network,0,"INFO: Wys쓰no dane: {'sensor_id': 'PressureSensor', 'timestamp': '2025-06-07T01:46:09.728022', 'value': 953.231779192598, 'unit': 'hPa'}"
2025-06-07T01:46:09.728367,network,0,INFO: Odebrano potwierdzenie: ACK
2025-06-07T01:46:09.728374,HumiditySensor,18.084607633292404,%
2025-06-07T01:46:09.728428,network,0,"INFO: Wys쓰no dane: {'sensor_id': 'HumiditySensor', 'timestamp': '2025-06-07T01:46:09.728374', 'value': 18.084607633292404, 'unit': '%'}"
2025-06-07T01:46:09.728569,network,0,INFO: Odebrano potwierdzenie: ACK
2025-06-07T01:46:09.728579,AirQualitySensor,122.43012657127301,AQI
2025-06-07T01:46:09.728629,network,0,"INFO: Wys쓰no dane: {'sensor_id': 'AirQualitySensor', 'timestamp': '2025-06-07T01:46:09.728579', 'value': 122.43012657127301, 'unit': 'AQI'}"
2025-06-07T01:46:09.728769,network,0,INFO: Odebrano potwierdzenie: ACK
2025-06-07T01:46:09.728773,TemperatureSensor,-19.65,C
2025-06-07T01:46:09.728829,network,0,"INFO: Wys쓰no dane: {'sensor_id': 'TemperatureSensor', 'timestamp': '2025-06-07T01:46:09.728773', 'value': -19.65, 'unit': 'C'}"
2025-06-07T01:46:09.728961,network,0,INFO: Odebrano potwierdzenie: ACK
2025-06-07T01:46:10.729067,PressureSensor,991.7097054265907,hPa
2025-06-07T01:46:10.729189,network,0,"INFO: Wys쓰no dane: {'sensor_id': 'PressureSensor', 'timestamp': '2025-06-07T01:46:10.729067', 'value': 991.7097054265907, 'unit': 'hPa'}"
2025-06-07T01:46:10.729419,network,0,INFO: Odebrano potwierdzenie: ACK
2025-06-07T01:46:10.729430,HumiditySensor,68.2948952663344,%
2025-06-07T01:46:10.729491,network,0,"INFO: Wys쓰no dane: {'sensor_id': 'HumiditySensor', 'timestamp': '2025-06-07T01:46:10.729430', 'value': 68.2948952663344, 'unit': '%'}"
2025-06-07T01:46:10.729622,network,0,INFO: Odebrano potwierdzenie: ACK
2025-06-07T01:46:10.729633,AirQualitySensor,240.33401066012894,AQI
2025-06-07T01:46:10.729694,network,0,"INFO: Wys쓰no dane: {'sensor_id': 'AirQualitySensor', 'timestamp': '2025-06-07T01:46:10.729633', 'value': 240.33401066012894, 'unit': 'AQI'}"
2025-06-07T01:46:10.729816,network,0,INFO: Odebrano potwierdzenie: ACK
2025-06-07T01:46:10.729822,TemperatureSensor,-19.17,C
2025-06-07T01:46:10.729871,network,0,"INFO: Wys쓰no dane: {'sensor_id': 'TemperatureSensor', 'timestamp': '2025-06-07T01:46:10.729822', 'value': -19.17, 'unit': 'C'}"
2025-06-07T01:46:10.729956,network,0,INFO: Odebrano potwierdzenie: ACK
2025-06-07T01:46:11.730263,PressureSensor,1026.0698214009044,hPa
2025-06-07T01:46:11.730405,network,0,"INFO: Wys쓰no dane: {'sensor_id': 'PressureSensor', 'timestamp': '2025-06-07T01:46:11.730263', 'value': 1026.0698214009044, 'unit': 'hPa'}"
2025-06-07T01:46:11.730632,network,0,INFO: Odebrano potwierdzenie: ACK
2025-06-07T01:46:11.730644,HumiditySensor,76.6743060812348,%
2025-06-07T01:46:11.730718,network,0,"INFO: Wys쓰no dane: {'sensor_id': 'HumiditySensor', 'timestamp': '2025-06-07T01:46:11.730644', 'value': 76.6743060812348, 'unit': '%'}"
2025-06-07T01:46:11.730857,network,0,INFO: Odebrano potwierdzenie: ACK
2025-06-07T01:46:11.730864,AirQualitySensor,346.86388893223074,AQI
2025-06-07T01:46:11.730917,network,0,"INFO: Wys쓰no dane: {'sensor_id': 'AirQualitySensor', 'timestamp': '2025-06-07T01:46:11.730864', 'value': 346.86388893223074, 'unit': 'AQI'}"
2025-06-07T01:46:11.731058,network,0,INFO: Odebrano potwierdzenie: ACK
2025-06-07T01:46:11.731063,TemperatureSensor,-18.69,C
2025-06-07T01:46:11.731111,network,0,"INFO: Wys쓰no dane: {'sensor_id': 'TemperatureSensor', 'timestamp': '2025-06-07T01:46:11.731063', 'value': -18.69, 'unit': 'C'}"
2025-06-07T01:46:11.731210,network,0,INFO: Odebrano potwierdzenie: ACK
2025-06-07T01:46:12.731664,PressureSensor,1008.3774941113443,hPa
2025-06-07T01:46:12.731781,network,0,"INFO: Wys쓰no dane: {'sensor_id': 'PressureSensor', 'timestamp': '2025-06-07T01:46:12.731664', 'value': 1008.3774941113443, 'unit': 'hPa'}"
2025-06-07T01:46:12.732081,network,0,INFO: Odebrano potwierdzenie: ACK
2025-06-07T01:46:12.732093,HumiditySensor,30.07143045013909,%
2025-06-07T01:46:12.732169,network,0,"INFO: Wys쓰no dane: {'sensor_id': 'HumiditySensor', 'timestamp': '2025-06-07T01:46:12.732093', 'value': 30.07143045013909, 'unit': '%'}"
2025-06-07T01:46:12.732361,network,0,INFO: Odebrano potwierdzenie: ACK
2025-06-07T01:46:12.732372,AirQualitySensor,201.17799510221968,AQI
2025-06-07T01:46:12.732436,network,0,"INFO: Wys쓰no dane: {'sensor_id': 'AirQualitySensor', 'timestamp': '2025-06-07T01:46:12.732372', 'value': 201.17799510221968, 'unit': 'AQI'}"
2025-06-07T01:46:12.732624,network,0,INFO: Odebrano potwierdzenie: ACK
2025-06-07T01:46:12.732633,TemperatureSensor,-19.89,C
2025-06-07T01:46:12.732705,network,0,"INFO: Wys쓰no dane: {'sensor_id': 'TemperatureSensor', 'timestamp': '2025-06-07T01:46:12.732633', 'value': -19.89, 'unit': 'C'}"
2025-06-07T01:46:12.732853,network,0,INFO: Odebrano potwierdzenie: ACK
